{
    "MLP_M3_Monthly": {
        "dataset": {
            "name": "M3",
            "group": "Monthly"
        },
        "model": {
            "name": "MLP",
            "input_size": 24,
            "horizon": 12,
            "num_layers": 3,
            "hidden_size": 8,
            "max_steps": 5
        },
        "scores": {
            "smape": 0.9640110579611569
        },
        "weights": {
            "mlp.0.weight": {
                "shape": [
                    8,
                    24
                ],
                "input_size": 24,
                "output_size": 8,
                "mean": 0.0069306460209190845,
                "median": 0.011635664850473404,
                "std": 0.11574235558509827,
                "max": 0.2084812968969345,
                "min": -0.20449888706207275
            },
            "mlp.1.weight": {
                "shape": [
                    8,
                    8
                ],
                "input_size": 8,
                "output_size": 8,
                "mean": 0.029695872217416763,
                "median": 0.01094609871506691,
                "std": 0.21838103234767914,
                "max": 0.35150575637817383,
                "min": -0.33231621980667114
            },
            "mlp.2.weight": {
                "shape": [
                    8,
                    8
                ],
                "input_size": 8,
                "output_size": 8,
                "mean": -0.022084545344114304,
                "median": -0.058861806988716125,
                "std": 0.17867353558540344,
                "max": 0.31979134678840637,
                "min": -0.35042431950569153
            },
            "out.weight": {
                "shape": [
                    12,
                    8
                ],
                "input_size": 8,
                "output_size": 12,
                "mean": 0.012825441546738148,
                "median": 0.020058397203683853,
                "std": 0.19331692159175873,
                "max": 0.3554345965385437,
                "min": -0.34134843945503235
            }
        }
    }
}