stage,mae_score,mse_score,r2_score,pearson,kendall,spearman,time
start,0.06483030576246368,0.010554023377080385,-0.805684213596335,0.3129666897092099,0.4386964796231568,0.5619099178759981,2.323273181915283
step_10,0.08482468341982424,0.01965952086747292,-2.7342973708994034,0.2890537808194615,0.5412386309208554,0.7060819863942136,6.036789417266846
step_25,0.08300410432833843,0.01948619873718185,-2.540454861984418,0.23871776410787773,0.5553851712102568,0.7276693707258866,8.668960332870483
step_50,0.07174519170955558,0.014274632540891,-1.2253184701105149,0.3561031606382971,0.5626881254491501,0.7472187877409389,14.547792673110962
step_100,0.07174519170955558,0.014274632540891,-1.2253184701105149,0.3561031606382971,0.5626881254491501,0.7472187877409389,13.51205062866211
step_200,0.07060466402589126,0.01352335375389487,-1.086104213470657,0.40504960019602,0.5740543334155096,0.7532187222045555,17.709317207336426
step_300,0.0702529281715185,0.013462389892722651,-1.0818449529020882,0.39063735702734864,0.587357453328858,0.763317254660914,20.923983573913574
step_400,0.06894943320966339,0.012778021998023715,-1.0791451173633522,0.3769525077168428,0.5901619274255735,0.7633575349625684,23.240079164505005
step_500,0.06894943320966339,0.012778021998023715,-1.0791451173633522,0.3769525077168428,0.5901619274255735,0.7633575349625684,23.078791618347168
